Date,Open,High,Low,Close,Adj Close,Volume,ticker
2022-09-19,149.30999755859375,154.55999755859375,149.10000610351562,154.47999572753906,153.98904418945312,81474200,AAPL
2022-09-20,153.39999389648438,158.0800018310547,153.0800018310547,156.89999389648438,156.40135192871094,107689800,AAPL
2022-09-21,157.33999633789062,158.74000549316406,153.60000610351562,153.72000122070312,153.23146057128906,101696800,AAPL
2022-09-22,152.3800048828125,154.47000122070312,150.91000366210938,152.74000549316406,152.2545928955078,86652500,AAPL
2022-09-23,151.19000244140625,151.47000122070312,148.55999755859375,150.42999267578125,149.95191955566406,96029900,AAPL
2022-09-26,149.66000366210938,153.77000427246094,149.63999938964844,150.77000427246094,150.2908477783203,93339400,AAPL
2022-09-27,152.74000549316406,154.72000122070312,149.9499969482422,151.75999450683594,151.27769470214844,84442700,AAPL
2022-09-28,147.63999938964844,150.63999938964844,144.83999633789062,149.83999633789062,149.36378479003906,146691400,AAPL
2022-09-29,146.10000610351562,146.72000122070312,140.67999267578125,142.47999572753906,142.0271759033203,128138200,AAPL
2022-09-30,141.27999877929688,143.10000610351562,138.0,138.1999969482422,137.76077270507812,124925300,AAPL
2022-10-03,138.2100067138672,143.07000732421875,137.69000244140625,142.4499969482422,141.99728393554688,114311700,AAPL
2022-10-04,145.02999877929688,146.22000122070312,144.25999450683594,146.10000610351562,145.63568115234375,87830100,AAPL
2022-10-05,144.07000732421875,147.3800048828125,143.00999450683594,146.39999389648438,145.93472290039062,79471000,AAPL
2022-10-06,145.80999755859375,147.5399932861328,145.22000122070312,145.42999267578125,144.96780395507812,68402200,AAPL
2022-10-07,142.5399932861328,143.10000610351562,139.4499969482422,140.08999633789062,139.644775390625,85925600,AAPL
2022-10-10,140.4199981689453,141.88999938964844,138.57000732421875,140.4199981689453,139.97373962402344,74899000,AAPL
2022-10-11,139.89999389648438,141.35000610351562,138.22000122070312,138.97999572753906,138.53829956054688,77033700,AAPL
2022-10-12,139.1300048828125,140.36000061035156,138.16000366210938,138.33999633789062,137.90032958984375,70433700,AAPL
2022-10-13,134.99000549316406,143.58999633789062,134.3699951171875,142.99000549316406,142.5355682373047,113224000,AAPL
2022-10-14,144.30999755859375,144.52000427246094,138.19000244140625,138.3800048828125,137.94021606445312,88598000,AAPL
2022-10-17,141.07000732421875,142.89999389648438,140.27000427246094,142.41000366210938,141.95741271972656,85250900,AAPL
2022-10-18,145.49000549316406,146.6999969482422,140.61000061035156,143.75,143.29315185546875,99136600,AAPL
2022-10-19,141.69000244140625,144.9499969482422,141.5,143.86000061035156,143.40280151367188,61758300,AAPL
2022-10-20,143.02000427246094,145.88999938964844,142.64999389648438,143.38999938964844,142.93429565429688,64522000,AAPL
2022-10-21,142.8699951171875,147.85000610351562,142.64999389648438,147.27000427246094,146.8019561767578,86548600,AAPL
2022-10-24,147.19000244140625,150.22999572753906,146.0,149.4499969482422,148.9750213623047,75981900,AAPL
2022-10-25,150.08999633789062,152.49000549316406,149.36000061035156,152.33999633789062,151.85585021972656,74732300,AAPL
2022-10-26,150.9600067138672,151.99000549316406,148.0399932861328,149.35000610351562,148.87535095214844,88194300,AAPL
2022-10-27,148.07000732421875,149.0500030517578,144.1300048828125,144.8000030517578,144.33981323242188,109180200,AAPL
2022-10-28,148.1999969482422,157.5,147.82000732421875,155.74000549316406,155.24505615234375,164762400,AAPL
2022-10-31,153.16000366210938,154.24000549316406,151.9199981689453,153.33999633789062,152.85267639160156,97943200,AAPL
2022-11-01,155.0800018310547,155.4499969482422,149.1300048828125,150.64999389648438,150.1712188720703,80379300,AAPL
2022-11-02,148.9499969482422,152.1699981689453,145.0,145.02999877929688,144.56907653808594,93604600,AAPL
2022-11-03,142.05999755859375,142.8000030517578,138.75,138.8800048828125,138.43862915039062,97918500,AAPL
2022-11-04,142.08999633789062,142.6699981689453,134.3800048828125,138.3800048828125,138.16903686523438,140814800,AAPL
2022-11-07,137.11000061035156,139.14999389648438,135.6699981689453,138.9199981689453,138.7082061767578,83374600,AAPL
2022-11-08,140.41000366210938,141.42999267578125,137.49000549316406,139.5,139.28733825683594,89908500,AAPL
2022-11-09,138.5,138.5500030517578,134.58999633789062,134.8699951171875,134.6643829345703,74917800,AAPL
2022-11-10,141.24000549316406,146.8699951171875,139.5,146.8699951171875,146.64608764648438,118854000,AAPL
2022-11-11,145.82000732421875,150.00999450683594,144.3699951171875,149.6999969482422,149.47177124023438,93979700,AAPL
2022-11-14,148.97000122070312,150.27999877929688,147.42999267578125,148.27999877929688,148.05393981933594,73374100,AAPL
2022-11-15,152.22000122070312,153.58999633789062,148.55999755859375,150.0399932861328,149.81124877929688,89868300,AAPL
2022-11-16,149.1300048828125,149.8699951171875,147.2899932861328,148.7899932861328,148.5631561279297,64218300,AAPL
2022-11-17,146.42999267578125,151.47999572753906,146.14999389648438,150.72000122070312,150.490234375,80389400,AAPL
2022-11-18,152.30999755859375,152.6999969482422,149.97000122070312,151.2899932861328,151.05935668945312,74829600,AAPL
2022-11-21,150.16000366210938,150.3699951171875,147.72000122070312,148.00999450683594,147.7843475341797,58724100,AAPL
2022-11-22,148.1300048828125,150.4199981689453,146.92999267578125,150.17999267578125,149.95103454589844,51804100,AAPL
2022-11-23,149.4499969482422,151.8300018310547,149.33999633789062,151.07000732421875,150.83970642089844,58301400,AAPL
2022-11-25,148.30999755859375,148.8800048828125,147.1199951171875,148.11000061035156,147.8842010498047,35195900,AAPL
2022-11-28,145.13999938964844,146.63999938964844,143.3800048828125,144.22000122070312,144.00013732910156,69246000,AAPL
2022-11-29,144.2899932861328,144.80999755859375,140.35000610351562,141.1699981689453,140.9547882080078,83763800,AAPL
2022-11-30,141.39999389648438,148.72000122070312,140.5500030517578,148.02999877929688,147.8043212890625,111380900,AAPL
2022-12-01,148.2100067138672,149.1300048828125,146.61000061035156,148.30999755859375,148.08389282226562,71250400,AAPL
2022-12-02,145.9600067138672,148.0,145.64999389648438,147.80999755859375,147.58465576171875,65447400,AAPL
2022-12-05,147.77000427246094,150.9199981689453,145.77000427246094,146.6300048828125,146.40646362304688,68826400,AAPL
2022-12-06,147.07000732421875,147.3000030517578,141.9199981689453,142.91000366210938,142.692138671875,64727200,AAPL
2022-12-07,142.19000244140625,143.3699951171875,140.0,140.94000244140625,140.7251434326172,69721100,AAPL
2022-12-08,142.36000061035156,143.52000427246094,141.10000610351562,142.64999389648438,142.43252563476562,62128300,AAPL
2022-12-09,142.33999633789062,145.57000732421875,140.89999389648438,142.16000366210938,141.9432830810547,76097000,AAPL
2022-12-12,142.6999969482422,144.5,141.05999755859375,144.49000549316406,144.2697296142578,70462700,AAPL
2022-12-13,149.5,149.97000122070312,144.24000549316406,145.47000122070312,145.24822998046875,93886200,AAPL
2022-12-14,145.35000610351562,146.66000366210938,141.16000366210938,143.2100067138672,142.99168395996094,82291200,AAPL
2022-12-15,141.11000061035156,141.8000030517578,136.02999877929688,136.5,136.29190063476562,98931900,AAPL
2022-12-16,136.69000244140625,137.64999389648438,133.72999572753906,134.50999450683594,134.304931640625,160156900,AAPL
2022-12-19,135.11000061035156,135.1999969482422,131.32000732421875,132.3699951171875,132.16819763183594,79592600,AAPL
2022-12-20,131.38999938964844,133.25,129.88999938964844,132.3000030517578,132.0983123779297,77432800,AAPL
2022-12-21,132.97999572753906,136.80999755859375,132.75,135.4499969482422,135.24349975585938,85928000,AAPL
2022-12-22,134.35000610351562,134.55999755859375,130.3000030517578,132.22999572753906,132.02841186523438,77852100,AAPL
2022-12-23,130.9199981689453,132.4199981689453,129.63999938964844,131.86000061035156,131.6589813232422,63814900,AAPL
2022-12-27,131.3800048828125,131.41000366210938,128.72000122070312,130.02999877929688,129.83177185058594,69007800,AAPL
2022-12-28,129.6699981689453,131.02999877929688,125.87000274658203,126.04000091552734,125.84785461425781,85438400,AAPL
2022-12-29,127.98999786376953,130.47999572753906,127.7300033569336,129.61000061035156,129.41241455078125,75703700,AAPL
2022-12-30,128.41000366210938,129.9499969482422,127.43000030517578,129.92999267578125,129.73191833496094,77034200,AAPL
2023-01-03,130.27999877929688,130.89999389648438,124.16999816894531,125.06999969482422,124.87932586669922,112117500,AAPL
2023-01-04,126.88999938964844,128.66000366210938,125.08000183105469,126.36000061035156,126.16736602783203,89113600,AAPL
2023-01-05,127.12999725341797,127.7699966430664,124.76000213623047,125.0199966430664,124.82939910888672,80962700,AAPL
2023-01-06,126.01000213623047,130.2899932861328,124.88999938964844,129.6199951171875,129.42239379882812,87754700,AAPL
2023-01-09,130.47000122070312,133.41000366210938,129.88999938964844,130.14999389648438,129.9515838623047,70790800,AAPL
2023-01-10,130.25999450683594,131.25999450683594,128.1199951171875,130.72999572753906,130.53070068359375,63896200,AAPL
2023-01-11,131.25,133.50999450683594,130.4600067138672,133.49000549316406,133.2864990234375,69458900,AAPL
2023-01-12,133.8800048828125,134.25999450683594,131.44000244140625,133.41000366210938,133.2066192626953,71379600,AAPL
2023-01-13,132.02999877929688,134.9199981689453,131.66000366210938,134.75999450683594,134.55455017089844,57809700,AAPL
2023-01-17,134.8300018310547,137.2899932861328,134.1300048828125,135.94000244140625,135.73275756835938,63646600,AAPL
2023-01-18,136.82000732421875,138.61000061035156,135.02999877929688,135.2100067138672,135.00387573242188,69672800,AAPL
2023-01-19,134.0800018310547,136.25,133.77000427246094,135.27000427246094,135.06378173828125,58280400,AAPL
2023-01-20,135.27999877929688,138.02000427246094,134.22000122070312,137.8699951171875,137.65980529785156,80223600,AAPL
2023-01-23,138.1199951171875,143.32000732421875,137.89999389648438,141.11000061035156,140.89488220214844,81760300,AAPL
2023-01-24,140.30999755859375,143.16000366210938,140.3000030517578,142.52999877929688,142.31271362304688,66435100,AAPL
2023-01-25,140.88999938964844,142.42999267578125,138.80999755859375,141.86000061035156,141.64373779296875,65799300,AAPL
2023-01-26,143.1699981689453,144.25,141.89999389648438,143.9600067138672,143.74053955078125,54105100,AAPL
2023-01-27,143.16000366210938,147.22999572753906,143.0800018310547,145.92999267578125,145.70751953125,70555800,AAPL
2023-01-30,144.9600067138672,145.5500030517578,142.85000610351562,143.0,142.78199768066406,64015300,AAPL
2023-01-31,142.6999969482422,144.33999633789062,142.27999877929688,144.2899932861328,144.0700225830078,65874500,AAPL
2023-02-01,143.97000122070312,146.61000061035156,141.32000732421875,145.42999267578125,145.20828247070312,77663600,AAPL
2023-02-02,148.89999389648438,151.17999267578125,148.1699981689453,150.82000732421875,150.590087890625,118339000,AAPL
2023-02-03,148.02999877929688,157.3800048828125,147.8300018310547,154.5,154.26446533203125,154357300,AAPL
2023-02-06,152.57000732421875,153.10000610351562,150.77999877929688,151.72999572753906,151.49868774414062,69858300,AAPL
2023-02-07,150.63999938964844,155.22999572753906,150.63999938964844,154.64999389648438,154.4142303466797,83322600,AAPL
2023-02-08,153.8800048828125,154.5800018310547,151.1699981689453,151.9199981689453,151.6884002685547,64120100,AAPL
2023-02-09,153.77999877929688,154.3300018310547,150.4199981689453,150.8699951171875,150.63999938964844,56007100,AAPL
2023-02-10,149.4600067138672,151.33999633789062,149.22000122070312,151.00999450683594,151.00999450683594,57450700,AAPL
2023-02-13,150.9499969482422,154.25999450683594,150.9199981689453,153.85000610351562,153.85000610351562,62199000,AAPL
2023-02-14,152.1199951171875,153.77000427246094,150.86000061035156,153.1999969482422,153.1999969482422,61707600,AAPL
2023-02-15,153.11000061035156,155.5,152.8800048828125,155.3300018310547,155.3300018310547,65573800,AAPL
2023-02-16,153.50999450683594,156.3300018310547,153.35000610351562,153.7100067138672,153.7100067138672,68167900,AAPL
2023-02-17,152.35000610351562,153.0,150.85000610351562,152.5500030517578,152.5500030517578,59144100,AAPL
2023-02-21,150.1999969482422,151.3000030517578,148.41000366210938,148.47999572753906,148.47999572753906,58867200,AAPL
2023-02-22,148.8699951171875,149.9499969482422,147.16000366210938,148.91000366210938,148.91000366210938,51011300,AAPL
2023-02-23,150.08999633789062,150.33999633789062,147.24000549316406,149.39999389648438,149.39999389648438,48394200,AAPL
2023-02-24,147.11000061035156,147.19000244140625,145.72000122070312,146.7100067138672,146.7100067138672,55469600,AAPL
2023-02-27,147.7100067138672,149.1699981689453,147.4499969482422,147.9199981689453,147.9199981689453,44998500,AAPL
2023-02-28,147.0500030517578,149.0800018310547,146.8300018310547,147.41000366210938,147.41000366210938,50547000,AAPL
2023-03-01,146.8300018310547,147.22999572753906,145.00999450683594,145.30999755859375,145.30999755859375,55479000,AAPL
2023-03-02,144.3800048828125,146.7100067138672,143.89999389648438,145.91000366210938,145.91000366210938,52238100,AAPL
2023-03-03,148.0399932861328,151.11000061035156,147.3300018310547,151.02999877929688,151.02999877929688,70668500,AAPL
2023-03-06,153.7899932861328,156.3000030517578,153.4600067138672,153.8300018310547,153.8300018310547,87558000,AAPL
2023-03-07,153.6999969482422,154.02999877929688,151.1300048828125,151.60000610351562,151.60000610351562,56182000,AAPL
2023-03-08,152.80999755859375,153.47000122070312,151.8300018310547,152.8699951171875,152.8699951171875,47204800,AAPL
2023-03-09,153.55999755859375,154.5399932861328,150.22999572753906,150.58999633789062,150.58999633789062,53833600,AAPL
2023-03-10,150.2100067138672,150.94000244140625,147.61000061035156,148.5,148.5,68524400,AAPL
2023-03-13,147.80999755859375,153.13999938964844,147.6999969482422,150.47000122070312,150.47000122070312,84457100,AAPL
2023-03-14,151.27999877929688,153.39999389648438,150.10000610351562,152.58999633789062,152.58999633789062,73695900,AAPL
2023-03-15,151.19000244140625,153.25,149.9199981689453,152.99000549316406,152.99000549316406,77167900,AAPL
2023-03-16,152.16000366210938,156.4600067138672,151.63999938964844,155.85000610351562,155.85000610351562,76161100,AAPL
2023-03-17,156.0800018310547,156.74000549316406,154.27999877929688,155.0,155.0,98862500,AAPL
2022-09-19,102.54000091552734,104.0199966430664,102.37000274658203,103.8499984741211,103.8499984741211,19738600,GOOG
2022-09-20,102.87999725341797,103.16999816894531,101.12000274658203,101.83000183105469,101.83000183105469,24001700,GOOG
2022-09-21,102.23999786376953,103.48999786376953,99.98999786376953,100.01000213623047,100.01000213623047,26596800,GOOG
2022-09-22,99.44999694824219,101.68000030517578,99.41000366210938,100.56999969482422,100.56999969482422,21272700,GOOG
2022-09-23,100.05999755859375,100.11000061035156,98.01000213623047,99.16999816894531,99.16999816894531,25657000,GOOG
2022-09-26,98.61000061035156,100.44000244140625,98.37999725341797,98.80999755859375,98.80999755859375,22437900,GOOG
2022-09-27,99.91000366210938,100.45999908447266,97.33999633789062,98.08999633789062,98.08999633789062,24225000,GOOG
2022-09-28,98.0199966430664,101.4000015258789,97.80000305175781,100.73999786376953,100.73999786376953,24617000,GOOG
2022-09-29,99.30000305175781,99.30000305175781,96.5199966430664,98.08999633789062,98.08999633789062,21921500,GOOG
2022-09-30,97.7300033569336,99.49400329589844,96.02999877929688,96.1500015258789,96.1500015258789,26277800,GOOG
2022-10-03,97.22000122070312,99.97000122070312,97.0199966430664,99.30000305175781,99.30000305175781,24840000,GOOG
2022-10-04,101.04000091552734,102.72000122070312,101.04000091552734,102.41000366210938,102.41000366210938,22580900,GOOG
2022-10-05,100.69000244140625,102.73999786376953,99.73999786376953,102.22000122070312,102.22000122070312,18475500,GOOG
2022-10-06,101.5,103.7300033569336,101.5,102.23999786376953,102.23999786376953,17156200,GOOG
2022-10-07,100.6500015258789,101.41999816894531,99.20999908447266,99.56999969482422,99.56999969482422,24249900,GOOG
2022-10-10,99.8499984741211,99.98999786376953,97.87000274658203,98.70999908447266,98.70999908447266,16529900,GOOG
2022-10-11,98.25,100.12000274658203,97.25,98.05000305175781,98.05000305175781,21617700,GOOG
2022-10-12,98.2699966430664,99.64800262451172,97.66999816894531,98.30000305175781,98.30000305175781,17343400,GOOG
2022-10-13,95.93000030517578,100.52999877929688,95.2699966430664,99.70999908447266,99.70999908447266,32812200,GOOG
2022-10-14,100.625,101.29000091552734,97.02999877929688,97.18000030517578,97.18000030517578,22624800,GOOG
2022-10-17,99.5199966430664,101.7699966430664,99.51000213623047,100.77999877929688,100.77999877929688,23311600,GOOG
2022-10-18,103.94000244140625,104.22000122070312,100.6500015258789,101.38999938964844,101.38999938964844,21610500,GOOG
2022-10-19,100.69999694824219,101.65899658203125,99.63500213623047,100.29000091552734,100.29000091552734,21573700,GOOG
2022-10-20,100.81999969482422,103.0,99.97000122070312,100.52999877929688,100.52999877929688,25125100,GOOG
2022-10-21,98.45999908447266,101.62000274658203,98.2300033569336,101.4800033569336,101.4800033569336,28988700,GOOG
2022-10-24,102.08999633789062,103.0999984741211,100.30000305175781,102.97000122070312,102.97000122070312,24680800,GOOG
2022-10-25,103.30000305175781,105.0999984741211,103.0199966430664,104.93000030517578,104.93000030517578,29910200,GOOG
2022-10-26,96.76000213623047,98.54000091552734,94.56999969482422,94.81999969482422,94.81999969482422,71504300,GOOG
2022-10-27,94.30999755859375,95.16999816894531,91.9000015258789,92.5999984741211,92.5999984741211,54036500,GOOG
2022-10-28,92.52999877929688,96.86000061035156,92.322998046875,96.58000183105469,96.58000183105469,35696900,GOOG
2022-10-31,95.77999877929688,96.3499984741211,94.37999725341797,94.66000366210938,94.66000366210938,29868700,GOOG
2022-11-01,95.58999633789062,96.16500091552734,90.43000030517578,90.5,90.5,43220600,GOOG
2022-11-02,90.91000366210938,91.30000305175781,87.01000213623047,87.06999969482422,87.06999969482422,43553600,GOOG
2022-11-03,86.34500122070312,86.55000305175781,83.44999694824219,83.48999786376953,83.48999786376953,48510400,GOOG
2022-11-04,85.51000213623047,86.7300033569336,83.87999725341797,86.69999694824219,86.69999694824219,40173300,GOOG
2022-11-07,87.33999633789062,88.94000244140625,86.95999908447266,88.6500015258789,88.6500015258789,26899900,GOOG
2022-11-08,89.16000366210938,90.40499877929688,87.6500015258789,88.91000366210938,88.91000366210938,30172000,GOOG
2022-11-09,88.54499816894531,89.48999786376953,87.36000061035156,87.4000015258789,87.4000015258789,26743900,GOOG
2022-11-10,92.33999633789062,94.55000305175781,91.6500015258789,94.16999816894531,94.16999816894531,42371200,GOOG
2022-11-11,94.70999908447266,97.36000061035156,94.16000366210938,96.7300033569336,96.7300033569336,30569100,GOOG
2022-11-14,95.5,97.18000030517578,95.11299896240234,96.02999877929688,96.02999877929688,24170100,GOOG
2022-11-15,98.66999816894531,100.41999816894531,97.0199966430664,98.72000122070312,98.72000122070312,31831000,GOOG
2022-11-16,98.0199966430664,99.8499984741211,97.9020004272461,98.98999786376953,98.98999786376953,24660200,GOOG
2022-11-17,97.18000030517578,99.4800033569336,97.0999984741211,98.5,98.5,21818700,GOOG
2022-11-18,99.01000213623047,99.16000366210938,96.73999786376953,97.80000305175781,97.80000305175781,24969900,GOOG
2022-11-21,97.55999755859375,98.72000122070312,95.66999816894531,95.83000183105469,95.83000183105469,18696900,GOOG
2022-11-22,96.16000366210938,97.5479965209961,94.41000366210938,97.33000183105469,97.33000183105469,18868900,GOOG
2022-11-23,97.33999633789062,99.06900024414062,97.33999633789062,98.81999969482422,98.81999969482422,17568900,GOOG
2022-11-25,98.46499633789062,98.94000244140625,97.52999877929688,97.5999984741211,97.5999984741211,8567800,GOOG
2022-11-28,97.19999694824219,97.83000183105469,95.88999938964844,96.25,96.25,19974500,GOOG
2022-11-29,96.0,96.38999938964844,94.38999938964844,95.44000244140625,95.44000244140625,20220000,GOOG
2022-11-30,95.12000274658203,101.44999694824219,94.66999816894531,101.44999694824219,101.44999694824219,39888100,GOOG
2022-12-01,101.4000015258789,102.58999633789062,100.66999816894531,101.27999877929688,101.27999877929688,21771500,GOOG
2022-12-02,99.37000274658203,101.1500015258789,99.16999816894531,100.83000183105469,100.83000183105469,18821500,GOOG
2022-12-05,99.81500244140625,101.75,99.3550033569336,99.87000274658203,99.87000274658203,19955500,GOOG
2022-12-06,99.66999816894531,100.20999908447266,96.76000213623047,97.30999755859375,97.30999755859375,20877600,GOOG
2022-12-07,96.7699966430664,97.30999755859375,95.0250015258789,95.1500015258789,95.1500015258789,26647900,GOOG
2022-12-08,95.69000244140625,95.87000274658203,93.80000305175781,93.94999694824219,93.94999694824219,25593200,GOOG
2022-12-09,93.9000015258789,94.48999786376953,93.0199966430664,93.06999969482422,93.06999969482422,21885300,GOOG
2022-12-12,93.08999633789062,93.875,91.9000015258789,93.55999755859375,93.55999755859375,27380900,GOOG
2022-12-13,98.06999969482422,99.80000305175781,95.37999725341797,95.8499984741211,95.8499984741211,34788500,GOOG
2022-12-14,95.54000091552734,97.22000122070312,93.94000244140625,95.30999755859375,95.30999755859375,26452900,GOOG
2022-12-15,93.54000091552734,94.02999877929688,90.43000030517578,91.19999694824219,91.19999694824219,28298800,GOOG
2022-12-16,91.19999694824219,91.75,90.01000213623047,90.86000061035156,90.86000061035156,48485500,GOOG
2022-12-19,90.87999725341797,91.19999694824219,88.92500305175781,89.1500015258789,89.1500015258789,23020500,GOOG
2022-12-20,88.7300033569336,89.77999877929688,88.04000091552734,89.62999725341797,89.62999725341797,21976800,GOOG
2022-12-21,89.7300033569336,90.91500091552734,88.91000366210938,90.25,90.25,20336400,GOOG
2022-12-22,88.93000030517578,89.18000030517578,86.94000244140625,88.26000213623047,88.26000213623047,23656100,GOOG
2022-12-23,87.62000274658203,90.0999984741211,87.62000274658203,89.80999755859375,89.80999755859375,17815000,GOOG
2022-12-27,89.30999755859375,89.5,87.53500366210938,87.93000030517578,87.93000030517578,15470900,GOOG
2022-12-28,87.5,88.5199966430664,86.37000274658203,86.45999908447266,86.45999908447266,17879600,GOOG
2022-12-29,87.02999877929688,89.36499786376953,86.98999786376953,88.94999694824219,88.94999694824219,18280700,GOOG
2022-12-30,87.36499786376953,88.83000183105469,87.02999877929688,88.7300033569336,88.7300033569336,19190300,GOOG
2023-01-03,89.83000183105469,91.55000305175781,89.0199966430664,89.69999694824219,89.69999694824219,20738500,GOOG
2023-01-04,91.01000213623047,91.23999786376953,87.80000305175781,88.70999908447266,88.70999908447266,27046500,GOOG
2023-01-05,88.06999969482422,88.20999908447266,86.55999755859375,86.7699966430664,86.7699966430664,23136100,GOOG
2023-01-06,87.36000061035156,88.47000122070312,85.56999969482422,88.16000366210938,88.16000366210938,26612600,GOOG
2023-01-09,89.19499969482422,90.83000183105469,88.58000183105469,88.80000305175781,88.80000305175781,22996700,GOOG
2023-01-10,86.72000122070312,89.4749984741211,86.69999694824219,89.23999786376953,89.23999786376953,22855600,GOOG
2023-01-11,90.05999755859375,92.44999694824219,89.73999786376953,92.26000213623047,92.26000213623047,25998800,GOOG
2023-01-12,92.4000015258789,92.62000274658203,90.56999969482422,91.91000366210938,91.91000366210938,22754200,GOOG
2023-01-13,91.52799987792969,92.9800033569336,90.93000030517578,92.80000305175781,92.80000305175781,18630700,GOOG
2023-01-17,92.77999877929688,92.97000122070312,90.83999633789062,92.16000366210938,92.16000366210938,22935800,GOOG
2023-01-18,92.94000244140625,93.58799743652344,91.4000015258789,91.77999877929688,91.77999877929688,19641600,GOOG
2023-01-19,91.38999938964844,94.4000015258789,91.37999725341797,93.91000366210938,93.91000366210938,28707700,GOOG
2023-01-20,95.94999694824219,99.41999816894531,95.91000366210938,99.27999877929688,99.27999877929688,53704800,GOOG
2023-01-23,99.12999725341797,101.4000015258789,98.75,101.20999908447266,101.20999908447266,31791800,GOOG
2023-01-24,99.55000305175781,101.08999633789062,98.69999694824219,99.20999908447266,99.20999908447266,27391400,GOOG
2023-01-25,97.19999694824219,97.72000122070312,95.26200103759766,96.7300033569336,96.7300033569336,31000900,GOOG
2023-01-26,98.27999877929688,99.20999908447266,96.81999969482422,99.16000366210938,99.16000366210938,24542100,GOOG
2023-01-27,99.05000305175781,101.58000183105469,98.97000122070312,100.70999908447266,100.70999908447266,29020400,GOOG
2023-01-30,98.74500274658203,99.40899658203125,97.5199966430664,97.94999694824219,97.94999694824219,24365100,GOOG
2023-01-31,97.86000061035156,99.91000366210938,97.79000091552734,99.87000274658203,99.87000274658203,22306800,GOOG
2023-02-01,99.73999786376953,102.19000244140625,98.41999816894531,101.43000030517578,101.43000030517578,26392600,GOOG
2023-02-02,106.79000091552734,108.81999969482422,106.54000091552734,108.80000305175781,108.80000305175781,46622600,GOOG
2023-02-03,103.51000213623047,108.0199966430664,103.30000305175781,105.22000122070312,105.22000122070312,36823400,GOOG
2023-02-06,102.68499755859375,104.69999694824219,102.20999908447266,103.47000122070312,103.47000122070312,25573000,GOOG
2023-02-07,103.62999725341797,108.66999816894531,103.5479965209961,108.04000091552734,108.04000091552734,33738800,GOOG
2023-02-08,102.69000244140625,103.58000183105469,98.45500183105469,100.0,100.0,73546000,GOOG
2023-02-09,100.54000091552734,100.61000061035156,93.86000061035156,95.45999908447266,95.45999908447266,97798600,GOOG
2023-02-10,95.73999786376953,97.0199966430664,94.52999877929688,94.86000061035156,94.86000061035156,49325300,GOOG
2023-02-13,95.01000213623047,95.3499984741211,94.05000305175781,95.0,95.0,43116600,GOOG
2023-02-14,94.66000366210938,95.17500305175781,92.6500015258789,94.94999694824219,94.94999694824219,42513100,GOOG
2023-02-15,94.73999786376953,97.33999633789062,94.36000061035156,97.0999984741211,97.0999984741211,36964500,GOOG
2023-02-16,95.54000091552734,97.87999725341797,94.97000122070312,95.77999877929688,95.77999877929688,35642100,GOOG
2023-02-17,95.06999969482422,95.75,93.44999694824219,94.58999633789062,94.58999633789062,31095100,GOOG
2023-02-21,93.23999786376953,93.41500091552734,92.0,92.05000305175781,92.05000305175781,28367200,GOOG
2023-02-22,91.93399810791016,92.36000061035156,90.87000274658203,91.80000305175781,91.80000305175781,29891100,GOOG
2023-02-23,92.12999725341797,92.12999725341797,90.01000213623047,91.06999969482422,91.06999969482422,32423700,GOOG
2023-02-24,89.62999725341797,90.12999725341797,88.86000061035156,89.3499984741211,89.3499984741211,31295600,GOOG
2023-02-27,90.08999633789062,90.44999694824219,89.61000061035156,90.0999984741211,90.0999984741211,22724300,GOOG
2023-02-28,89.54000091552734,91.44999694824219,89.5199966430664,90.30000305175781,90.30000305175781,30546900,GOOG
2023-03-01,90.16000366210938,91.19999694824219,89.8499984741211,90.51000213623047,90.51000213623047,26323900,GOOG
2023-03-02,89.86000061035156,92.4800033569336,89.7699966430664,92.30999755859375,92.30999755859375,23328600,GOOG
2023-03-03,92.73999786376953,94.11000061035156,92.66000366210938,94.0199966430664,94.0199966430664,30220900,GOOG
2023-03-06,94.36000061035156,96.30000305175781,94.30000305175781,95.58000183105469,95.58000183105469,28288200,GOOG
2023-03-07,95.41999816894531,96.08999633789062,93.84400177001953,94.16999816894531,94.16999816894531,24101500,GOOG
2023-03-08,94.40499877929688,96.23999786376953,94.40499877929688,94.6500015258789,94.6500015258789,25395200,GOOG
2023-03-09,94.48999786376953,95.91999816894531,92.3550033569336,92.66000366210938,92.66000366210938,24438900,GOOG
2023-03-10,92.5,93.18000030517578,90.80000305175781,91.01000213623047,91.01000213623047,32831700,GOOG
2023-03-13,90.56500244140625,93.08000183105469,89.94000244140625,91.66000366210938,91.66000366210938,31508600,GOOG
2023-03-14,93.06999969482422,94.83000183105469,92.77999877929688,94.25,94.25,32303900,GOOG
2023-03-15,93.54000091552734,97.25,93.04000091552734,96.55000305175781,96.55000305175781,38367300,GOOG
2023-03-16,96.56999969482422,101.97000122070312,95.87000274658203,101.06999969482422,101.06999969482422,54588200,GOOG
2023-03-17,100.83999633789062,103.48999786376953,100.75,102.45999908447266,102.45999908447266,76109100,GOOG
2022-09-19,242.47000122070312,245.13999938964844,240.85000610351562,244.52000427246094,243.2236328125,26826900,MSFT
2022-09-20,242.07000732421875,243.50999450683594,239.63999938964844,242.4499969482422,241.16461181640625,26660300,MSFT
2022-09-21,244.27000427246094,247.66000366210938,238.89999389648438,238.9499969482422,237.68316650390625,28625600,MSFT
2022-09-22,237.8699951171875,243.86000061035156,237.57000732421875,240.97999572753906,239.702392578125,31061200,MSFT
2022-09-23,239.5399932861328,241.1300048828125,235.1999969482422,237.9199981689453,236.65863037109375,34176000,MSFT
2022-09-26,237.0500030517578,241.4499969482422,236.89999389648438,237.4499969482422,236.1911163330078,27694200,MSFT
2022-09-27,239.97999572753906,241.8000030517578,234.5,236.41000366210938,235.15663146972656,27018700,MSFT
2022-09-28,236.80999755859375,242.3300018310547,234.72999572753906,241.07000732421875,239.7919464111328,29029700,MSFT
2022-09-29,238.88999938964844,239.9499969482422,234.41000366210938,237.5,236.2408447265625,27484200,MSFT
2022-09-30,238.2899932861328,240.5399932861328,232.72999572753906,232.89999389648438,231.6652374267578,35694800,MSFT
2022-10-03,235.41000366210938,241.61000061035156,234.66000366210938,240.74000549316406,239.4636688232422,28880400,MSFT
2022-10-04,245.08999633789062,250.36000061035156,244.97999572753906,248.8800048828125,247.56051635742188,34888400,MSFT
2022-10-05,245.99000549316406,250.5800018310547,244.10000610351562,249.1999969482422,247.87881469726562,20347100,MSFT
2022-10-06,247.92999267578125,250.33999633789062,246.0800018310547,246.7899932861328,245.48159790039062,20239900,MSFT
2022-10-07,240.89999389648438,241.32000732421875,233.1699981689453,234.24000549316406,232.99815368652344,37769600,MSFT
2022-10-10,233.0500030517578,234.55999755859375,226.72999572753906,229.25,228.0345916748047,29743600,MSFT
2022-10-11,227.6199951171875,229.05999755859375,224.11000061035156,225.41000366210938,224.21495056152344,30474000,MSFT
2022-10-12,225.39999389648438,227.86000061035156,223.9600067138672,225.75,224.5531463623047,21903900,MSFT
2022-10-13,219.85000610351562,236.10000610351562,219.1300048828125,234.24000549316406,232.99815368652344,42551800,MSFT
2022-10-14,235.5399932861328,237.24000549316406,228.33999633789062,228.55999755859375,227.34825134277344,30198600,MSFT
2022-10-17,235.82000732421875,238.9600067138672,235.13999938964844,237.52999877929688,236.2707061767578,28142300,MSFT
2022-10-18,243.24000549316406,243.92999267578125,235.3699951171875,238.5,237.2355499267578,26329600,MSFT
2022-10-19,237.0399932861328,239.61000061035156,234.2899932861328,236.47999572753906,235.22625732421875,19985700,MSFT
2022-10-20,235.77000427246094,241.30999755859375,234.8699951171875,236.14999389648438,234.89801025390625,21811000,MSFT
2022-10-21,234.74000549316406,243.0,234.5,242.1199951171875,240.8363494873047,26299700,MSFT
2022-10-24,243.75999450683594,247.83999633789062,241.3000030517578,247.25,245.9391632080078,24911200,MSFT
2022-10-25,247.25999450683594,251.0399932861328,245.8300018310547,250.66000366210938,249.33108520507812,34775500,MSFT
2022-10-26,231.1699981689453,238.3000030517578,230.05999755859375,231.32000732421875,230.0936279296875,82543200,MSFT
2022-10-27,231.0399932861328,233.69000244140625,225.77999877929688,226.75,225.5478515625,40424600,MSFT
2022-10-28,226.24000549316406,236.60000610351562,226.0500030517578,235.8699951171875,234.61949157714844,40647700,MSFT
2022-10-31,233.75999450683594,234.9199981689453,231.14999389648438,232.1300048828125,230.89932250976562,28357300,MSFT
2022-11-01,234.60000610351562,235.74000549316406,227.3300018310547,228.1699981689453,226.9603271484375,30592300,MSFT
2022-11-02,229.4600067138672,231.3000030517578,220.0399932861328,220.10000610351562,218.93310546875,38407000,MSFT
2022-11-03,220.08999633789062,220.41000366210938,213.97999572753906,214.25,213.11412048339844,36633900,MSFT
2022-11-04,217.5500030517578,221.58999633789062,213.42999267578125,221.38999938964844,220.2162628173828,36789100,MSFT
2022-11-07,221.99000549316406,228.41000366210938,221.27999877929688,227.8699951171875,226.6619110107422,33498000,MSFT
2022-11-08,228.6999969482422,231.64999389648438,225.83999633789062,228.8699951171875,227.6566162109375,28192500,MSFT
2022-11-09,227.3699951171875,228.6300048828125,224.3300018310547,224.50999450683594,223.31971740722656,27852900,MSFT
2022-11-10,235.42999267578125,243.3300018310547,235.0,242.97999572753906,241.69180297851562,46268000,MSFT
2022-11-11,242.99000549316406,247.99000549316406,241.92999267578125,247.11000061035156,245.79989624023438,34620200,MSFT
2022-11-14,241.99000549316406,243.91000366210938,239.2100067138672,241.5500030517578,240.26937866210938,31123300,MSFT
2022-11-15,245.66000366210938,247.0,240.02999877929688,241.97000122070312,240.68716430664062,31390100,MSFT
2022-11-16,242.7899932861328,243.8000030517578,240.4199981689453,241.72999572753906,241.1260528564453,24093300,MSFT
2022-11-17,237.77999877929688,243.25,237.6300048828125,241.67999267578125,241.076171875,23123500,MSFT
2022-11-18,243.50999450683594,243.74000549316406,239.02999877929688,241.22000122070312,240.61732482910156,27613500,MSFT
2022-11-21,241.42999267578125,244.6699981689453,241.19000244140625,242.0500030517578,241.44525146484375,26394700,MSFT
2022-11-22,243.58999633789062,245.30999755859375,240.7100067138672,245.02999877929688,244.4178009033203,19665700,MSFT
2022-11-23,245.11000061035156,248.27999877929688,244.27000427246094,247.5800018310547,246.96144104003906,19508500,MSFT
2022-11-25,247.30999755859375,248.6999969482422,246.72999572753906,247.49000549316406,246.8716583251953,9200800,MSFT
2022-11-28,246.0800018310547,246.64999389648438,240.8000030517578,241.75999450683594,241.15597534179688,24778200,MSFT
2022-11-29,241.39999389648438,242.7899932861328,238.2100067138672,240.3300018310547,239.72955322265625,17956300,MSFT
2022-11-30,240.57000732421875,255.3300018310547,239.86000061035156,255.13999938964844,254.50254821777344,47594200,MSFT
2022-12-01,253.8699951171875,256.1199951171875,250.9199981689453,254.69000244140625,254.0536651611328,26041500,MSFT
2022-12-02,249.82000732421875,256.05999755859375,249.69000244140625,255.02000427246094,254.38284301757812,21528500,MSFT
2022-12-05,252.00999450683594,253.82000732421875,248.05999755859375,250.1999969482422,249.57489013671875,23435300,MSFT
2022-12-06,250.82000732421875,251.86000061035156,243.77999877929688,245.1199951171875,244.507568359375,22463700,MSFT
2022-12-07,244.8300018310547,246.16000366210938,242.2100067138672,244.3699951171875,243.7594451904297,20481500,MSFT
2022-12-08,244.83999633789062,248.74000549316406,243.05999755859375,247.39999389648438,246.78187561035156,22611800,MSFT
2022-12-09,244.6999969482422,248.30999755859375,244.16000366210938,245.4199981689453,244.80682373046875,20609700,MSFT
2022-12-12,247.4499969482422,252.5399932861328,247.1699981689453,252.50999450683594,251.8791046142578,30665100,MSFT
2022-12-13,261.69000244140625,263.9200134277344,253.07000732421875,256.9200134277344,256.2781066894531,42196900,MSFT
2022-12-14,257.1300048828125,262.5899963378906,254.30999755859375,257.2200012207031,256.5773620605469,35410900,MSFT
2022-12-15,253.72000122070312,254.1999969482422,247.33999633789062,249.00999450683594,248.3878631591797,35560400,MSFT
2022-12-16,248.5500030517578,249.83999633789062,243.50999450683594,244.69000244140625,244.0786590576172,86102000,MSFT
2022-12-19,244.86000061035156,245.2100067138672,238.7100067138672,240.4499969482422,239.8492431640625,29696400,MSFT
2022-12-20,239.39999389648438,242.91000366210938,238.4199981689453,241.8000030517578,241.1958770751953,25150800,MSFT
2022-12-21,241.69000244140625,245.6199951171875,240.11000061035156,244.42999267578125,243.8192901611328,23690600,MSFT
2022-12-22,241.25999450683594,241.99000549316406,233.8699951171875,238.19000244140625,237.5948944091797,28651700,MSFT
2022-12-23,236.11000061035156,238.8699951171875,233.94000244140625,238.72999572753906,238.133544921875,21207000,MSFT
2022-12-27,238.6999969482422,238.92999267578125,235.8300018310547,236.9600067138672,236.36798095703125,16688600,MSFT
2022-12-28,236.88999938964844,239.72000122070312,234.1699981689453,234.52999877929688,233.94403076171875,17457100,MSFT
2022-12-29,235.64999389648438,241.9199981689453,235.64999389648438,241.00999450683594,240.4078369140625,19770700,MSFT
2022-12-30,238.2100067138672,239.9600067138672,236.66000366210938,239.82000732421875,239.2208251953125,21938500,MSFT
2023-01-03,243.0800018310547,245.75,237.39999389648438,239.5800018310547,238.98143005371094,25740000,MSFT
2023-01-04,232.27999877929688,232.8699951171875,225.9600067138672,229.10000610351562,228.52761840820312,50623400,MSFT
2023-01-05,227.1999969482422,227.5500030517578,221.75999450683594,222.30999755859375,221.7545623779297,39585600,MSFT
2023-01-06,223.0,225.75999450683594,219.35000610351562,224.92999267578125,224.36801147460938,43613600,MSFT
2023-01-09,226.4499969482422,231.24000549316406,226.41000366210938,227.1199951171875,226.55255126953125,27369800,MSFT
2023-01-10,227.75999450683594,231.30999755859375,227.3300018310547,228.85000610351562,228.27822875976562,27033900,MSFT
2023-01-11,231.2899932861328,235.9499969482422,231.11000061035156,235.77000427246094,235.18093872070312,28669300,MSFT
2023-01-12,235.25999450683594,239.89999389648438,233.55999755859375,238.50999450683594,237.91409301757812,27269500,MSFT
2023-01-13,237.0,239.3699951171875,234.9199981689453,239.22999572753906,238.63229370117188,21333300,MSFT
2023-01-17,237.97000122070312,240.91000366210938,237.08999633789062,240.35000610351562,239.74951171875,29831300,MSFT
2023-01-18,241.57000732421875,242.3800048828125,235.52000427246094,235.80999755859375,235.22084045410156,30028700,MSFT
2023-01-19,233.77999877929688,235.52000427246094,230.67999267578125,231.92999267578125,231.35052490234375,28623000,MSFT
2023-01-20,234.86000061035156,240.74000549316406,234.50999450683594,240.22000122070312,239.6198272705078,35389800,MSFT
2023-01-23,241.10000610351562,245.1699981689453,239.64999389648438,242.5800018310547,241.9739227294922,31934000,MSFT
2023-01-24,242.5,243.9499969482422,240.44000244140625,242.0399932861328,241.43527221679688,40234400,MSFT
2023-01-25,234.47999572753906,243.3000030517578,230.89999389648438,240.61000061035156,240.00885009765625,66526600,MSFT
2023-01-26,243.64999389648438,248.30999755859375,242.0,248.0,247.38038635253906,33454500,MSFT
2023-01-27,248.99000549316406,249.8300018310547,246.8300018310547,248.16000366210938,247.5399932861328,26498900,MSFT
2023-01-30,244.50999450683594,245.60000610351562,242.1999969482422,242.7100067138672,242.10360717773438,25867400,MSFT
2023-01-31,243.4499969482422,247.9499969482422,242.9499969482422,247.80999755859375,247.19085693359375,26541100,MSFT
2023-02-01,248.0,255.17999267578125,245.47000122070312,252.75,252.11851501464844,31259900,MSFT
2023-02-02,258.82000732421875,264.69000244140625,257.25,264.6000061035156,263.93890380859375,39940400,MSFT
2023-02-03,259.5400085449219,264.20001220703125,257.1000061035156,258.3500061035156,257.70452880859375,29077300,MSFT
2023-02-06,257.44000244140625,258.29998779296875,254.77999877929688,256.7699890136719,256.1284484863281,22518000,MSFT
2023-02-07,260.5299987792969,268.7699890136719,260.0799865722656,267.55999755859375,266.8915100097656,50841400,MSFT
2023-02-08,273.20001220703125,276.760009765625,266.2099914550781,266.7300109863281,266.0635986328125,54686000,MSFT
2023-02-09,273.79998779296875,273.9800109863281,262.79998779296875,263.6199951171875,262.96136474609375,42375100,MSFT
2023-02-10,261.5299987792969,264.0899963378906,260.6600036621094,263.1000061035156,262.4426574707031,25818500,MSFT
2023-02-13,267.6400146484375,274.6000061035156,267.1499938964844,271.32000732421875,270.6421203613281,44630900,MSFT
2023-02-14,272.6700134277344,274.9700012207031,269.2799987792969,272.1700134277344,271.4900207519531,37047900,MSFT
2023-02-15,268.32000732421875,270.7300109863281,266.17999267578125,269.32000732421875,269.32000732421875,28922400,MSFT
2023-02-16,264.0199890136719,266.739990234375,261.8999938964844,262.1499938964844,262.1499938964844,29603600,MSFT
2023-02-17,259.3900146484375,260.0899963378906,256.0,258.05999755859375,258.05999755859375,30000100,MSFT
2023-02-21,254.47999572753906,255.49000549316406,251.58999633789062,252.6699981689453,252.6699981689453,28397400,MSFT
2023-02-22,254.08999633789062,254.33999633789062,250.33999633789062,251.50999450683594,251.50999450683594,22491100,MSFT
2023-02-23,255.55999755859375,256.8399963378906,250.47999572753906,254.77000427246094,254.77000427246094,29219100,MSFT
2023-02-24,249.9600067138672,251.0,248.10000610351562,249.22000122070312,249.22000122070312,24990900,MSFT
2023-02-27,252.4600067138672,252.82000732421875,249.38999938964844,250.16000366210938,250.16000366210938,21190000,MSFT
2023-02-28,249.07000732421875,251.49000549316406,248.72999572753906,249.4199981689453,249.4199981689453,22491000,MSFT
2023-03-01,250.75999450683594,250.92999267578125,245.7899932861328,246.27000427246094,246.27000427246094,27565300,MSFT
2023-03-02,246.5500030517578,251.39999389648438,245.61000061035156,251.11000061035156,251.11000061035156,24808200,MSFT
2023-03-03,252.19000244140625,255.6199951171875,251.38999938964844,255.2899932861328,255.2899932861328,30741300,MSFT
2023-03-06,256.42999267578125,260.1199951171875,255.97999572753906,256.8699951171875,256.8699951171875,24109800,MSFT
2023-03-07,256.29998779296875,257.69000244140625,253.38999938964844,254.14999389648438,254.14999389648438,21473200,MSFT
2023-03-08,254.0399932861328,254.5399932861328,250.80999755859375,253.6999969482422,253.6999969482422,17340200,MSFT
2023-03-09,255.82000732421875,259.55999755859375,251.5800018310547,252.32000732421875,252.32000732421875,26653400,MSFT
2023-03-10,251.0800018310547,252.7899932861328,247.60000610351562,248.58999633789062,248.58999633789062,28321800,MSFT
2023-03-13,247.39999389648438,257.9100036621094,245.72999572753906,253.9199981689453,253.9199981689453,33339700,MSFT
2023-03-14,256.75,261.07000732421875,255.86000061035156,260.7900085449219,260.7900085449219,33620300,MSFT
2023-03-15,259.9800109863281,266.4800109863281,259.2099914550781,265.44000244140625,265.44000244140625,46028000,MSFT
2023-03-16,265.2099914550781,276.55999755859375,263.2799987792969,276.20001220703125,276.20001220703125,54768800,MSFT
2023-03-17,278.260009765625,283.3299865722656,276.32000732421875,279.42999267578125,279.42999267578125,69492200,MSFT
